Type,Pattern
Bigram,lq
Bigram,vl
Bigram,xn
Bigram,pj
Bigram,cw
Bigram,dz
Bigram,zr
Bigram,bk
Bigram,kq
Bigram,qe
Bigram,xx
Bigram,vp
Bigram,yj
Bigram,fc
Bigram,gk
Bigram,zm
Bigram,xm
Bigram,jn
Bigram,fj
Bigram,ww
Bigram,gv
Bigram,qv
Bigram,vt
Bigram,fp
Bigram,zw
Bigram,wg
Bigram,bf
Bigram,cv
Bigram,vv
Bigram,xs
Bigram,yq
Bigram,vc
Bigram,vn
Bigram,vz
Bigram,xb
Bigram,zs
Bigram,cj
Bigram,js
Bigram,uw
Bigram,pv
Bigram,zf
Bigram,zq
Bigram,sj
Bigram,pq
Bigram,qw
Bigram,zt
Bigram,xv
Bigram,kv
Bigram,yy
Bigram,xg
Bigram,qn
Bigram,jy
Bigram,gz
Bigram,wz
Bigram,hj
Bigram,sx
Bigram,jk
Bigram,fk
Bigram,tj
Trigram,urw
Trigram,pye
Trigram,tsf
Trigram,dgr
Trigram,olq
Trigram,lqu
Trigram,bex
Trigram,xar
Trigram,rmb
Trigram,mby
Trigram,ndv
Trigram,idm
Trigram,bpo
Trigram,bpe
Trigram,aed
Trigram,tpa
Trigram,kse
Trigram,mip
Trigram,lup
Trigram,eko
Trigram,acd
Trigram,rsw
Trigram,pfa
Trigram,faf
Trigram,ayu
Trigram,yun
Trigram,udr
Trigram,ghf
Trigram,hfa
Trigram,dga
Trigram,ypa
Trigram,tcu
Trigram,nsb
Trigram,lkw
Trigram,tnt
Trigram,edv
Trigram,iua
Trigram,kiw
Trigram,uep
Trigram,ffm
Trigram,ulw
Trigram,gfi
Trigram,wse
Trigram,erz
Trigram,zog
Trigram,sny
Trigram,nyd
Trigram,rrs
Trigram,oyt
Trigram,acp
Trigram,ldd
Trigram,lsl
Trigram,kub
Trigram,bek
Trigram,gba
Trigram,udm
Trigram,cso
Trigram,esz
Trigram,lsu
Trigram,bne
Trigram,swc
Trigram,ruo
Trigram,uon
Trigram,mcd
Trigram,cda
Trigram,sik
Trigram,ftf
Trigram,avl
Trigram,vle
Trigram,wym
Trigram,ogd
Trigram,gde
Trigram,wsm
Trigram,lko
Trigram,zoe
Trigram,eyh
Trigram,ehf
Trigram,mez
Trigram,wsa
Trigram,cbs
Trigram,yog
Trigram,oey
Trigram,fiz
Trigram,bem
Trigram,kok
Trigram,pix
Trigram,zom
Trigram,uef
Trigram,dey
Trigram,anj
Trigram,ntz
Trigram,ucs
Trigram,pof
Trigram,oeg
Trigram,uec
Trigram,boe
Trigram,oeh
Trigram,ehm
Trigram,zzu
Trigram,zut
Trigram,jop
Trigram,lss
Trigram,etk
Trigram,tka
Trigram,huz
Trigram,zah
Trigram,gug
Trigram,kak
Trigram,hby
Trigram,euk
Trigram,kmi
Trigram,emc
Trigram,jot
Trigram,hmp
Trigram,mpf
Trigram,yod
Trigram,uhl
Trigram,dpa
Trigram,nax
Trigram,cde
Trigram,tsy
Trigram,bld
Trigram,ldg
Trigram,mpb
Trigram,mro
Trigram,oxw
Trigram,xwo
Trigram,oxn
Trigram,xna
Trigram,mcr
Trigram,vep
Trigram,msm
Trigram,yfa
Trigram,ywe
Trigram,tzh
Trigram,zhu
Trigram,apn
Trigram,kau
Trigram,ufn
Trigram,fna
Trigram,zei
Trigram,lyd
Trigram,smy
Trigram,sah
Trigram,gsd
Trigram,ehn
Trigram,aae
Trigram,aek
Trigram,cmd
Trigram,mdr
Trigram,cge
Trigram,llg
Trigram,lgo
Trigram,lmy
Trigram,owf
Trigram,wfa
Trigram,grz
Trigram,rze
Trigram,iak
Trigram,syb
Trigram,ipj
Trigram,pja
Trigram,asd
Trigram,lri
Trigram,bua
Trigram,uaf
Trigram,okw
Trigram,tph
Trigram,fuh
Trigram,hrm
Trigram,urh
Trigram,rhm
Trigram,pps
Trigram,iao
Trigram,akh
Trigram,lez
Trigram,egh
Trigram,dbl
Trigram,iln
Trigram,lng
Trigram,ysb
Trigram,llv
Trigram,cev
Trigram,lsd
Trigram,ldu
Trigram,acw
Trigram,cwh
Trigram,nlr
Trigram,lrb
Trigram,blv
Trigram,lvd
Trigram,vah
Trigram,nzo
Trigram,gev
Trigram,vur
Trigram,zeb
Trigram,eue
Trigram,eif
Trigram,lby
Trigram,rax
Trigram,aas
Trigram,jod
Trigram,koc
Trigram,syd
Trigram,atw
Trigram,mfg
Trigram,erj
Trigram,rju
Trigram,klu
Trigram,kkk
Trigram,nyu
Trigram,nyv
Trigram,yva
Trigram,duh
Trigram,uha
Trigram,edz
Trigram,dzi
Trigram,bez
Trigram,ttv
Trigram,tvi
Trigram,hry
Trigram,ysl
Trigram,lcr
Trigram,piv
Trigram,apb
Trigram,pba
Trigram,kaw
Trigram,wec
Trigram,rlm
Trigram,uoh
Trigram,ohy
Trigram,utz
Trigram,psw
Trigram,ptr
Trigram,iow
Trigram,ltd
Trigram,kba
Trigram,ivu
Trigram,lni
Trigram,lsy
Trigram,stg
Trigram,pob
Trigram,ssb
Trigram,kio
Trigram,otd
Trigram,piz
Trigram,hga
Trigram,hoj
Trigram,oji
Trigram,okc
Trigram,kca
Trigram,gec
Trigram,srs
Trigram,rrv
Trigram,alz
Trigram,lzr
Trigram,zri
Trigram,lsv
Trigram,drs
Trigram,upd
Trigram,pda
Trigram,cfa
Trigram,lsw
Trigram,duq
Trigram,aou
Trigram,acg
Trigram,cgr
Trigram,iul
Trigram,skm
Trigram,fik
Trigram,bim
Trigram,nkh
Trigram,pua
Trigram,mof
Trigram,faz
Trigram,ewf
Trigram,yeh
Trigram,ehu
Trigram,nuh
Trigram,uhi
Trigram,ncz
Trigram,czy
Trigram,zyn
Trigram,ynk
Trigram,msk
Trigram,zov
Trigram,nij
Trigram,iji
Trigram,vla
Trigram,zub
Trigram,ubk
Trigram,bko
Trigram,adz
Trigram,dze
Trigram,koi
Trigram,dud
Trigram,kqe
Trigram,qed
Trigram,hiu
Trigram,iuc
Trigram,skl
Trigram,hyf
Trigram,yfe
Trigram,unv
Trigram,odc
Trigram,nyg
Trigram,llk
Trigram,pfo
Trigram,foh
Trigram,ogh
Trigram,ynx
Trigram,nxe
Trigram,eul
Trigram,ugf
Trigram,inr
Trigram,ptn
Trigram,msh
Trigram,oew
Trigram,lyu
Trigram,ieh
Trigram,akr
Trigram,bip
Trigram,opn
Trigram,pno
Trigram,jit
Trigram,tpl
Trigram,zly
Trigram,wos
Trigram,oxx
Trigram,mvp
Trigram,swr
Trigram,wum
Trigram,ffh
Trigram,fha
Trigram,rix
Trigram,izv
Trigram,zve
Trigram,cez
Trigram,eza
Trigram,moh
Trigram,ltl
Trigram,vub
Trigram,ldv
Trigram,kiv
Trigram,dgh
Trigram,uay
Trigram,pek
Trigram,kyj
Trigram,yja
Trigram,ruv
Trigram,wsw
Trigram,pfc
Trigram,wap
Trigram,xii
Trigram,dwr
Trigram,zib
Trigram,fae
Trigram,iud
Trigram,efd
Trigram,fdo
Trigram,ezu
Trigram,zue
Trigram,okm
Trigram,kmo
Trigram,olz
Trigram,lze
Trigram,vop
Trigram,ngk
Trigram,gko
Trigram,etv
Trigram,fdr
Trigram,bju
Trigram,afs
Trigram,uev
Trigram,wiz
Trigram,rmn
Trigram,rck
Trigram,fsh
Trigram,sih
Trigram,iha
Trigram,oyr
Trigram,psm
Trigram,duo
Trigram,tda
Trigram,ipb
Trigram,pbu
Trigram,mek
Trigram,dgw
Trigram,gwa
Trigram,wnf
Trigram,lfl
Trigram,tth
Trigram,cok
Trigram,tyw
Trigram,sog
Trigram,ceh
Trigram,zif
Trigram,itb
Trigram,egf
Trigram,gfe
Trigram,osw
Trigram,oxo
Trigram,mbn
Trigram,wah
Trigram,ipc
Trigram,pch
Trigram,mui
Trigram,yeg
Trigram,wng
Trigram,sst
Trigram,aup
Trigram,wst
Trigram,lzm
Trigram,zma
Trigram,hdi
Trigram,rmf
Trigram,guz
Trigram,ceo
Trigram,yfl
Trigram,ipw
Trigram,pwr
Trigram,anm
Trigram,oxm
Trigram,xmi
Trigram,bmt
Trigram,dpw
Trigram,uia
Trigram,kbi
Trigram,hsa
Trigram,pae
Trigram,ppm
Trigram,tyb
Trigram,acm
Trigram,cmi
Trigram,xhu
Trigram,auu
Trigram,uun
Trigram,oik
Trigram,evr
Trigram,dsu
Trigram,cyo
Trigram,vif
Trigram,nhh
Trigram,ypn
Trigram,lok
Trigram,aip
Trigram,rxi
Trigram,xeg
Trigram,moy
Trigram,fln
Trigram,ldc
Trigram,jau
Trigram,yum
Trigram,ooc
Trigram,buk
Trigram,emr
Trigram,jem
Trigram,zir
Trigram,chk
Trigram,hka
Trigram,wsy
Trigram,olw
Trigram,imt
Trigram,hoz
Trigram,koy
Trigram,hox
Trigram,mef
Trigram,ufl
Trigram,loh
Trigram,mpm
Trigram,azl
Trigram,jnr
Trigram,dgy
Trigram,nbi
Trigram,nph
Trigram,abc
Trigram,odk
Trigram,dki
Trigram,buo
Trigram,uoy
Trigram,nnh
Trigram,lfg
Trigram,fga
Trigram,csy
Trigram,zef
Trigram,kbr
Trigram,upm
Trigram,poa
Trigram,bbr
Trigram,koz
Trigram,hbe
Trigram,bix
Trigram,byg
Trigram,owc
Trigram,lvo
Trigram,nao
Trigram,aom
Trigram,oaz
Trigram,sga
Trigram,vyi
Trigram,doh
Trigram,uos
Trigram,sae
Trigram,aen
Trigram,tge
Trigram,hyg
Trigram,ygi
Trigram,stv
Trigram,tva
Trigram,sze
Trigram,zow
Trigram,wsz
Trigram,syg
Trigram,tyn
Trigram,yns
Trigram,wia
Trigram,azu
Trigram,zap
Trigram,usz
Trigram,szk
Trigram,dgl
Trigram,ldy
Trigram,hse
Trigram,fio
Trigram,mgm
Trigram,yve
Trigram,gti
Trigram,dyg
Trigram,jov
Trigram,oib
Trigram,nsr
Trigram,tsd
Trigram,esf
Trigram,sfr
Trigram,foy
Trigram,zad
Trigram,lza
Trigram,bgs
Trigram,omk
Trigram,nmu
Trigram,siq
Trigram,yau
Trigram,erq
Trigram,bux
Trigram,pyc
Trigram,yck
Trigram,uig
Trigram,zzm
Trigram,zme
Trigram,piq
Trigram,dse
Trigram,oif
Trigram,lwi
Trigram,ltb
Trigram,mcw
Trigram,yip
Trigram,rii
Trigram,iis
Trigram,wao
Trigram,rtk
Trigram,yak
Trigram,usf
Trigram,kye
Trigram,fjo
Trigram,ijb
Trigram,jbi
Trigram,kax
Trigram,eoi
Trigram,ysu
Trigram,tyc
Trigram,gsu
Trigram,fey
Trigram,ivs
Trigram,vsh
Trigram,ukr
Trigram,xei
Trigram,zhi
Trigram,itk
Trigram,tko
Trigram,nku
Trigram,kus
Trigram,yad
Trigram,xey
Trigram,oml
Trigram,iku
Trigram,kek
Trigram,vlo
Trigram,fok
Trigram,cyg
Trigram,ygn
Trigram,yew
Trigram,tdi
Trigram,wwr
Trigram,wrl
Trigram,ksa
Trigram,mcs
Trigram,ezy
Trigram,ngv
Trigram,gve
Trigram,nkc
Trigram,kch
Trigram,rfs
Trigram,ogb
Trigram,gbe
Trigram,wnp
Trigram,apd
Trigram,pdo
Trigram,wus
Trigram,ruh
Trigram,owp
Trigram,wpi
Trigram,itw
Trigram,rlh
Trigram,omd
Trigram,mda
Trigram,zho
Trigram,muk
Trigram,tsv
Trigram,aij
Trigram,iaw
Trigram,udc
Trigram,dcr
Trigram,gwo
Trigram,rmw
Trigram,mwi
Trigram,kwh
Trigram,tbi
Trigram,ayg
Trigram,ygr
Trigram,zos
Trigram,nkp
Trigram,ntc
Trigram,jog
Trigram,dcu
Trigram,rvy
Trigram,axy
Trigram,haq
Trigram,aqv
Trigram,qvi
Trigram,lmr
Trigram,lfs
Trigram,ryg
Trigram,ygm
Trigram,nmy
Trigram,eie
Trigram,rrm
Trigram,buh
Trigram,rnw
Trigram,owr
Trigram,yrs
Trigram,ezr
Trigram,zra
Trigram,abj
Trigram,xtb
Trigram,ibn
Trigram,hih
Trigram,huo
Trigram,nhw
Trigram,eaz
Trigram,zey
Trigram,sge
Trigram,yub
Trigram,dui
Trigram,ekn
Trigram,msd
Trigram,uiu
Trigram,aem
Trigram,nsg
Trigram,ndd
Trigram,pui
Trigram,rhu
Trigram,koa
Trigram,juc
Trigram,umc
Trigram,ipf
Trigram,wss
Trigram,aet
Trigram,ibc
Trigram,bca
Trigram,mbb
Trigram,hup
Trigram,wdu
Trigram,yei
Trigram,bof
Trigram,ofl
Trigram,bms
Trigram,raj
Trigram,ysm
Trigram,kyb
Trigram,vto
Trigram,iau
Trigram,mpp
Trigram,phz
Trigram,hzi
Trigram,heh
Trigram,lff
Trigram,hmn
Trigram,afg
Trigram,fgh
Trigram,hsh
Trigram,rcm
Trigram,cma
Trigram,kcs
Trigram,xom
Trigram,ghy
Trigram,aeb
Trigram,ebm
Trigram,mfe
Trigram,cew
Trigram,rwy
Trigram,kao
Trigram,aol
Trigram,kob
Trigram,fps
Trigram,apk
Trigram,rkp
Trigram,kpa
Trigram,rsl
Trigram,ueu
Trigram,upf
Trigram,ovy
Trigram,fry
Trigram,imf
Trigram,yol
Trigram,mts
Trigram,rlw
Trigram,ekd
Trigram,kda
Trigram,ksb
Trigram,eaq
Trigram,msb
Trigram,rkt
Trigram,mla
Trigram,wya
Trigram,omt
Trigram,mto
Trigram,usg
Trigram,ghp
Trigram,hpo
Trigram,zas
Trigram,umh
Trigram,mhu
Trigram,riy
Trigram,iye
Trigram,ahc
Trigram,hce
Trigram,ntw
Trigram,yez
Trigram,zit
Trigram,pka
Trigram,lcl
Trigram,keb
Trigram,rnz
Trigram,ttw
Trigram,twu
Trigram,wur
Trigram,kwu
Trigram,euc
Trigram,jif
Trigram,idb
Trigram,rkr
Trigram,ntb
Trigram,urq
Trigram,irz
Trigram,rzi
Trigram,xig
Trigram,dym
Trigram,ajb
Trigram,tpr
Trigram,kwi
Trigram,taq
Trigram,tyg
Trigram,yga
Trigram,gte
Trigram,mow
Trigram,ubn
Trigram,wsu
Trigram,ctw
Trigram,lsp
Trigram,keu
Trigram,uzy
Trigram,zyk
Trigram,zky
Trigram,hiq
Trigram,kdr
Trigram,spn
Trigram,zod
Trigram,auq
Trigram,twh
Trigram,yba
Trigram,zwo
Trigram,yki
Trigram,cps
Trigram,iox
Trigram,pox
Trigram,oyh
Trigram,udk
Trigram,dko
Trigram,rja
Trigram,bav
Trigram,lck
Trigram,ceu
Trigram,miq
Trigram,xyt
Trigram,xaz
Trigram,orz
Trigram,zae
Trigram,vus
Trigram,lox
Trigram,faq
Trigram,rux
Trigram,oep
Trigram,mpg
Trigram,dbr
Trigram,aaa
Trigram,hge
Trigram,iee
Trigram,grg
Trigram,ghk
Trigram,hke
Trigram,owg
Trigram,wgu
Trigram,myl
Trigram,waf
Trigram,zus
Trigram,htu
Trigram,amw
Trigram,mwo
Trigram,lrd
Trigram,mbf
Trigram,cwt
Trigram,nrl
Trigram,ahb
Trigram,aix
Trigram,ksw
Trigram,dwh
Trigram,ehy
Trigram,uov
Trigram,uft
Trigram,ftw
Trigram,hfo
Trigram,ngp
Trigram,gpl
Trigram,cah
Trigram,kur
Trigram,lzu
Trigram,ppu
Trigram,mfi
Trigram,uey
Trigram,oav
Trigram,udb
Trigram,psk
Trigram,nya
Trigram,evv
Trigram,vve
Trigram,noa
Trigram,npe
Trigram,ilq
Trigram,shh
Trigram,etp
Trigram,auv
Trigram,wfi
Trigram,gaa
Trigram,aaf
Trigram,rsf
Trigram,cys
Trigram,sbr
Trigram,fda
Trigram,bbb
Trigram,epk
Trigram,vri
Trigram,pyo
Trigram,wdl
Trigram,jib
Trigram,vay
Trigram,jav
Trigram,meu
Trigram,vev
Trigram,rnr
Trigram,lwe
Trigram,oea
Trigram,bbu
Trigram,wod
Trigram,puk
Trigram,goc
Trigram,otp
Trigram,rmp
Trigram,ouq
Trigram,kyt
Trigram,wsb
Trigram,cgo
Trigram,ylu
Trigram,lyb
Trigram,pev
Trigram,ygu
Trigram,luu
Trigram,amc
Trigram,luz
Trigram,uzo
Trigram,fod
Trigram,kiy
Trigram,iyu
Trigram,gip
Trigram,muo
Trigram,vip
Trigram,ggo
Trigram,coz
Trigram,arj
Trigram,rjo
Trigram,fop
Trigram,fst
Trigram,obw
Trigram,bwe
Trigram,axs
Trigram,xse
Trigram,lbl
Trigram,biq
Trigram,nii
Trigram,dij
Trigram,ijo
Trigram,fui
Trigram,yqu
Trigram,auj
Trigram,ujo
Trigram,ksc
Trigram,dmu
Trigram,kuh
Trigram,igy
Trigram,tzo
Trigram,evc
Trigram,vch
Trigram,gep
Trigram,wsi
Trigram,oww
Trigram,wwa
Trigram,exy
Trigram,geu
Trigram,wmi
Trigram,yas
Trigram,epm
Trigram,wlt
Trigram,vom
Trigram,yop
Trigram,oix
Trigram,zot
Trigram,peh
Trigram,idr
Trigram,ahu
Trigram,eln
Trigram,nux
Trigram,ugr
Trigram,cao
Trigram,gpi
Trigram,hyb
Trigram,ndq
Trigram,woh
Trigram,rsm
Trigram,lwh
Trigram,yaq
Trigram,byw
Trigram,eyc
Trigram,hye
Trigram,yby
Trigram,iob
Trigram,jid
Trigram,gpo
Trigram,ipg
Trigram,snp
Trigram,ddu
Trigram,iub
Trigram,ksy
Trigram,ivr
Trigram,ysp
Trigram,ikh
Trigram,dcl
Trigram,fyo
Trigram,kko
Trigram,mio
Trigram,fuj
Trigram,jiu
Trigram,ggh
Trigram,wla
Trigram,ceg
Trigram,eex
Trigram,oxh
Trigram,xho
Trigram,ikl
Trigram,obn
Trigram,lno
Trigram,idj
Trigram,lsm
Trigram,haj
Trigram,aju
Trigram,tih
Trigram,kht
Trigram,kaj
Trigram,aad
Trigram,uza
Trigram,zak
Trigram,onb
Trigram,rng
Trigram,woz
Trigram,zek
Trigram,eib
Trigram,amt
Trigram,eyr
Trigram,suh
Trigram,uhs
Trigram,ufs
Trigram,okn
Trigram,awp
Trigram,wph
Trigram,luv
Trigram,viu
Trigram,bhu
Trigram,sos
Trigram,abh
Trigram,umt
Trigram,mte
Trigram,rnn
Trigram,sht
Trigram,yah
Trigram,ahw
Trigram,pys
Trigram,tij
Trigram,sbi
Trigram,llt
Trigram,ysa
Trigram,yrt
Trigram,ksp
Trigram,iae
Trigram,pdr
Trigram,lfc
Trigram,fco
Trigram,unz
Trigram,beb
Trigram,ofm
Trigram,coq
Trigram,rku
Trigram,pht
Trigram,ueg
Trigram,nzw
Trigram,zwe
Trigram,ymu
Trigram,ghg
Trigram,iun
Trigram,ofn
Trigram,gsa
Trigram,xos
Trigram,ovd
Trigram,vdi
Trigram,zac
Trigram,ioi
Trigram,voe
Trigram,aua
Trigram,nlu
Trigram,tik
Trigram,kyn
Trigram,epc
Trigram,nkt
Trigram,auh
Trigram,efc
Trigram,fca
Trigram,dof
Trigram,riw
Trigram,iwe
Trigram,pex
Trigram,asg
Trigram,sgo
Trigram,rpn
Trigram,ldm
Trigram,iur
Trigram,viz
Trigram,beu
Trigram,nuk
Trigram,ukk
Trigram,lzb
Trigram,zbe
Trigram,mmk
Trigram,mko
Trigram,caw
Trigram,ilz
Trigram,lzi
Trigram,kys
Trigram,yca
Trigram,agd
Trigram,gda
Trigram,veb
Trigram,shk
Trigram,hko
Trigram,enq
Trigram,igp
Trigram,gpe
Trigram,xul
Trigram,idp
Trigram,rlb
Trigram,gbr
Trigram,omh
Trigram,ivn
Trigram,vne
Trigram,agy
Trigram,zyb
Trigram,luj
Trigram,uja
Trigram,byh
Trigram,atb
Trigram,bae
Trigram,gmu
Trigram,msa
Trigram,dsw
Trigram,oyf
Trigram,lld
Trigram,gsb
Trigram,ihm
Trigram,uom
Trigram,rdh
Trigram,ttg
Trigram,vej
Trigram,mcp
Trigram,wnl
Trigram,odf
Trigram,dfr
Trigram,ekk
Trigram,zha
Trigram,suz
Trigram,uze
Trigram,ocz
Trigram,epn
Trigram,pni
Trigram,zic
Trigram,xud
Trigram,wnc
Trigram,skn
Trigram,icz
Trigram,wna
Trigram,evz
Trigram,vzo
Trigram,mwa
Trigram,spb
Trigram,ouz
Trigram,dfl
Trigram,xet
Trigram,awc
Trigram,mha
Trigram,ugn
Trigram,ngg
Trigram,lyk
Trigram,mhe
Trigram,tfe
Trigram,vra
Trigram,bsb
Trigram,sao
Trigram,aon
Trigram,uod
Trigram,gaw
Trigram,wky
Trigram,amd
Trigram,mde
Trigram,dgk
Trigram,gki
Trigram,hui
Trigram,jut
Trigram,ctc
Trigram,oie
Trigram,ymc
Trigram,inx
Trigram,wdr
Trigram,ekh
Trigram,mtk
Trigram,tku
Trigram,wnd
Trigram,obd
Trigram,bda
Trigram,ebw
Trigram,bwo
Trigram,heq
Trigram,rgd
Trigram,yff
Trigram,yng
Trigram,byi
Trigram,pyb
Trigram,quy
Trigram,uyn
Trigram,nye
Trigram,uif
Trigram,wrt
Trigram,pyn
Trigram,uxb
Trigram,xbr
Trigram,vyl
Trigram,pif
Trigram,lij
Trigram,tza
Trigram,aev
Trigram,osv
Trigram,wyl
Trigram,ybi
Trigram,fax
Trigram,paj
Trigram,aiu
Trigram,tfl
Trigram,usd
Trigram,zam
Trigram,wts
Trigram,gsl
Trigram,pyw
Trigram,aod
Trigram,ngm
Trigram,tzs
Trigram,zsc
Trigram,ldf
Trigram,wnb
Trigram,cjs
Trigram,bop
Trigram,jux
Trigram,wsr
Trigram,yid
Trigram,ruw
Trigram,uwa
Trigram,wof
Trigram,toj
Trigram,rkd
Trigram,rnk
Trigram,aab
Trigram,pvt
Trigram,dtl
Trigram,nbs
Trigram,rzf
Trigram,zfe
Trigram,dsa
Trigram,ryf
Trigram,wgr
Trigram,jeh
Trigram,wti
Trigram,iuv
Trigram,pmr
Trigram,csf
Trigram,moe
Trigram,zeu
Trigram,lpy
Trigram,dii
Trigram,ycr
Trigram,ylg
Trigram,lgl
Trigram,yox
Trigram,ezo
Trigram,ooh
Trigram,vim
Trigram,cuk
Trigram,nmr
Trigram,nhy
Trigram,ylb
Trigram,waa
Trigram,aal
Trigram,odt
Trigram,osg
Trigram,poy
Trigram,geg
Trigram,gii
Trigram,waz
Trigram,azw
Trigram,zwk
Trigram,epw
Trigram,pwi
Trigram,xym
Trigram,meq
Trigram,ytr
Trigram,odp
Trigram,dpe
Trigram,cuc
Trigram,okf
Trigram,kfi
Trigram,dsk
Trigram,kog
Trigram,rsn
Trigram,ruy
Trigram,yek
Trigram,lsf
Trigram,wce
Trigram,mcq
Trigram,koj
Trigram,oju
Trigram,oiz
Trigram,ymg
Trigram,pce
Trigram,adp
Trigram,zid
Trigram,ymy
Trigram,cth
Trigram,ylt
Trigram,uol
Trigram,jej
Trigram,bmu
Trigram,gak
Trigram,hii
Trigram,pyk
Trigram,ykn
Trigram,yrz
Trigram,osr
Trigram,yep
Trigram,afh
Trigram,fho
Trigram,akk
Trigram,xly
Trigram,isj
Trigram,sjo
Trigram,xcr
Trigram,yam
Trigram,yuj
Trigram,xog
Trigram,oeu
Trigram,uvr
Trigram,lyg
Trigram,ygy
Trigram,fiq
Trigram,maq
Trigram,iuk
Trigram,oec
Trigram,hsl
Trigram,bpa
Trigram,axn
Trigram,xne
Trigram,cgh
Trigram,gms
Trigram,uku
Trigram,kum
Trigram,kuy
Trigram,uyu
Trigram,aqw
Trigram,oaq
Trigram,khm
Trigram,jal
Trigram,azt
Trigram,zte
Trigram,avs
Trigram,yrn
Trigram,mub
Trigram,muh
Trigram,ifn
Trigram,fni
Trigram,duv
Trigram,ttm
Trigram,woc
Trigram,oxv
Trigram,xvi
Trigram,ckv
Trigram,kvi
Trigram,avc
Trigram,bty
Trigram,gso
Trigram,cgl
Trigram,ubf
Trigram,bfi
Trigram,oeo
Trigram,ipy
Trigram,aiz
Trigram,vez
Trigram,fow
Trigram,apg
Trigram,pgo
Trigram,umv
Trigram,mvi
Trigram,ekw
Trigram,nok
Trigram,goy
Trigram,ufr
Trigram,chc
Trigram,iav
Trigram,apf
Trigram,pfr
Trigram,ghc
Trigram,hca
Trigram,poz
Trigram,opw
Trigram,pwo
Trigram,udh
Trigram,lmn
Trigram,kaz
Trigram,asr
Trigram,lfh
Trigram,fhe
Trigram,tyu
Trigram,yhe
Trigram,xop
Trigram,ioz
Trigram,thk
Trigram,bij
Trigram,thg
Trigram,mlo
Trigram,ihs
Trigram,gfr
Trigram,ewu
Trigram,wem
Trigram,xre
Trigram,drd
Trigram,dtf
Trigram,dws
Trigram,xxx
Trigram,yyy
Trigram,bsn
Trigram,ixf
Trigram,ixg
Trigram,mls
Trigram,gpd
Trigram,asw
Trigram,yuc
Trigram,zoi
Trigram,nid
Trigram,aox
Trigram,tzm
Trigram,bya
Trigram,eoe
Trigram,ylp
Trigram,uzi
Trigram,xyh
Trigram,yhy
Trigram,fso
Trigram,atp
Trigram,yry
Trigram,kry
Trigram,ruk
Trigram,ukt
Trigram,ktu
Trigram,hpu
Trigram,whr
Trigram,opc
Trigram,pco
Trigram,eqn
Trigram,qns
Trigram,rlp
Trigram,xhl
Trigram,sbc
Trigram,bcs
Trigram,wup
Trigram,mss
Trigram,hlu
Trigram,pya
Trigram,vao
Trigram,uio
Trigram,htd
Trigram,tdr
Trigram,dpr
Trigram,wpa
Trigram,llh
Trigram,wnu
Trigram,yoo
Trigram,oee
Trigram,nuv
Trigram,juk
Trigram,jiv
Trigram,eee
Trigram,ehh
Trigram,hhh
Trigram,sju
Trigram,pfe
Trigram,dta
Trigram,ldt
Trigram,ceb
Trigram,jeu
Trigram,eui
Trigram,yrr
Trigram,elz
Trigram,ewy
Trigram,tzr
Trigram,zro
Trigram,olr
Trigram,ynh
Trigram,mox
Trigram,yfi
Trigram,hki
Trigram,puy
Trigram,uyt
Trigram,duy
Trigram,uyv
Trigram,yvi
Trigram,edp
Trigram,mny
Trigram,lek
Trigram,mml
Trigram,krz
Trigram,rzy
Trigram,zyw
Trigram,ywy
Trigram,udz
Trigram,dzy
Trigram,fsk
Trigram,zlo
Trigram,trz
Trigram,zyc
Trigram,hsc
Trigram,vef
Trigram,fyc
Trigram,xav
Trigram,exb
Trigram,xbo
Trigram,yfr
Trigram,wfe
Trigram,wot
Trigram,fef
Trigram,ooi
Trigram,rpy
Trigram,jad
Trigram,psg
Trigram,bna
Trigram,mbp
Trigram,bpr
Trigram,obc
Trigram,eyk
Trigram,nwr
Trigram,uaw
Trigram,iwi
Trigram,ogw
Trigram,umd
Trigram,mdu
Trigram,upc
Trigram,pci
Trigram,ydo
Trigram,fft
Trigram,jyj
Trigram,jym
Trigram,zip
Trigram,wda
Trigram,gmi
Trigram,rsv
Trigram,gtr
Trigram,usq
Trigram,bdr
Trigram,fek
Trigram,jeb
Trigram,diw
Trigram,iwo
Trigram,gef
Trigram,hnu
Trigram,esg
Trigram,rdf
Trigram,yef
Trigram,otf
Trigram,wfl
Trigram,htr
Trigram,yuh
Trigram,kki
Trigram,sye
Trigram,bcd
Trigram,tye
Trigram,ksu
Trigram,igz
Trigram,gza
Trigram,rje
Trigram,std
Trigram,owz
Trigram,wzy
Trigram,avv
Trigram,vvy
Trigram,pfi
Trigram,kfe
Trigram,eyv
Trigram,wbr
Trigram,tez
Trigram,aah
Trigram,fsa
Trigram,vaq
Trigram,tfr
Trigram,gnb
Trigram,wpu
Trigram,tsl
Trigram,bao
Trigram,hcu
Trigram,ahj
Trigram,hju
Trigram,ahv
Trigram,hve
Trigram,iih
Trigram,ihn
Trigram,hng
Trigram,aht
Trigram,uht
Trigram,guh
Trigram,whs
Trigram,ahk
Trigram,wuh
Trigram,rih
Trigram,vuh
Trigram,uhm
Trigram,hmu
Trigram,hnf
Trigram,udn
Trigram,tuh
Trigram,ohd
Trigram,ftu
Trigram,juh
Trigram,ovu
Trigram,msu
Trigram,mmm
Trigram,ixa
Trigram,cty
Trigram,whu
Trigram,guf
Trigram,kuk
Trigram,ukl
Trigram,piw
Trigram,aui
Trigram,kav
Trigram,wcu
Trigram,afy
Trigram,ssc
Trigram,afm
Trigram,fmo
Trigram,mup
Trigram,uxo
Trigram,chv
Trigram,pff
Trigram,fff
Trigram,ggg
Trigram,hmm
Trigram,hwu
Trigram,aaw
Trigram,aww
Trigram,www
Trigram,hbl
Trigram,nkg
Trigram,kgo
Trigram,nuz
Trigram,zai
Trigram,psn
Trigram,kez
Trigram,zia
Trigram,kwe
Trigram,miy
Trigram,iya
Trigram,uki
Trigram,yaj
Trigram,aji
Trigram,wow
Trigram,ckj
Trigram,kja
Trigram,opg
Trigram,pga
Trigram,pao
Trigram,kib
Trigram,nyp
Trigram,ypl
Trigram,psc
Trigram,ufu
Trigram,viy
Trigram,iij
Trigram,sri
Trigram,hax
Trigram,uhh
Trigram,hhu
Trigram,iyo
Trigram,lsq
Trigram,uhu
Trigram,ulh
Trigram,lhu
Trigram,lzo
Trigram,nnn
Trigram,nnt
Trigram,sss
Trigram,auz
Trigram,wop
Trigram,nng
Trigram,uok
Trigram,akm
Trigram,isw
Trigram,aep
Trigram,ajk
Trigram,hsi
Trigram,uxa
Trigram,xap
Trigram,pbr
Trigram,pyh
Trigram,yhr
Trigram,hrr
Trigram,bik
Trigram,uzu
Trigram,zuk
Trigram,shp
Trigram,cyi
Trigram,gwe
Trigram,zou
Trigram,phn
Trigram,kaf
Trigram,afk
Trigram,fka
Trigram,ccc
Trigram,lpm
Trigram,lmd
Trigram,mdo
Trigram,gwr
Trigram,itg
Trigram,lru
Trigram,daf
Trigram,ouj
Trigram,tgn
Trigram,rzt
Trigram,nnf
Trigram,srh
Trigram,kku
Trigram,ifw
Trigram,tzb
Trigram,zbo
Trigram,ohr
Trigram,evn
Trigram,vni
Trigram,ttz
Trigram,zhe
Trigram,fuu
Trigram,uut
Trigram,lwy
Trigram,wyk
Trigram,ffb
Trigram,fbe
Trigram,mll
Trigram,fbo
Trigram,uim
Trigram,juj
Trigram,uju
Trigram,lej
Trigram,tjo
Trigram,ftr
Trigram,yap
